State,District,Latitude,Longitude,Population in 2001,Population in 2011,Literate,Male_Literate,Female_Literate,Households_with_Bicycle,Households_with_Car_Jeep_Van,Households_with_TV_Computer_Laptop_Telephone_mobile_phone_and_Scooter_Car,Households_with_Television,Households_with_Telephone_Mobile_Phone,Households_with_Telephone_Mobile_Phone_Both
Andhra Pradesh,Anantapur,14.312065561843148,77.46015844785771,3640478,4081148,2310960,1338474,972486,206433,9915,14470,559461,581087,22640
Andhra Pradesh,Chittoor,13.33109263067696,78.92763898886038,3745875,4174064,2667878,1484794,1183084,225856,16296,24934,611465,632803,36237
Andhra Pradesh,East Godavari,16.782718320784902,82.2432074720511,4901420,5154296,3288577,1716933,1571644,779052,25381,34494,821421,732492,52789
Andhra Pradesh,Guntur,15.884925767634847,80.58657614107885,4465144,4887813,2960441,1634726,1325715,454586,17424,28457,816849,733133,53583
Andhra Pradesh,Krishna,16.143872753151673,81.14805061000413,4187841,4517398,3009718,1598959,1410759,525079,27969,43264,794346,743696,69493
Andhra Pradesh,Kurnool,15.437597151424288,77.90086836581717,3529494,4053463,2127161,1246369,880792,271815,10622,15373,543044,572406,22698
Andhra Pradesh,Prakasam,15.489039001601704,80.11665790176184,3059423,3397448,1904435,1107686,796749,226045,9071,10365,468022,494689,18557
Andhra Pradesh,Srikakulam,18.570900998697432,84.25874814010676,2537593,2703114,1495381,857824,637557,180824,5264,6316,297418,332230,18598
Andhra Pradesh,Vizianagaram,18.28329696032972,83.45982854198874,2249254,2344474,1238388,707503,530885,168297,5002,7516,278230,265587,16052
Andhra Pradesh,West Godavari,16.63297943925236,81.45912990654196,3803517,3936966,2652389,1379223,1273166,605463,14687,19128,648607,578252,43490
Arunachal Pradesh,Changlang,27.360484793388448,96.37552644628109,125422,148226,73174,44027,29147,13306,1102,499,9314,10621,963
Arunachal Pradesh,East Kameng,27.371194055944056,93.04741486013997,57179,78690,38449,21599,16850,755,577,203,3169,4178,538
Arunachal Pradesh,East Siang,28.15382352941176,95.06499226006191,87397,99214,62576,34210,28366,6380,2072,930,9363,12744,1244
Arunachal Pradesh,Kurung Kumey,28.04853351800553,93.24531994459836,42518,92076,36606,20258,16348,189,605,106,1320,3318,174
Arunachal Pradesh,Lohit,27.946785273972623,96.59670770547945,124991,145726,83062,48380,34682,16426,1203,631,12215,13372,1121
Arunachal Pradesh,Lower Dibang Valley,28.32651730103806,95.76567335640142,50448,54080,31849,18087,13762,4410,703,346,4345,6616,595
Arunachal Pradesh,Lower Subansiri,27.70849297297297,93.96226108108112,55726,83030,54057,29470,24587,1063,2002,655,7285,9532,1598
Arunachal Pradesh,Papum Pare,27.27352971698113,93.54468183962264,122003,176573,121048,65794,55254,3898,6454,4243,23203,27411,3186
Arunachal Pradesh,Tawang,27.680683962264148,91.82504245283016,38924,49977,26073,17720,8353,105,895,247,4824,4036,955
Arunachal Pradesh,Tirap,26.944062295081984,95.41470327868862,100326,111975,47974,29313,18661,963,679,216,6118,7182,456
Arunachal Pradesh,Upper Siang,28.8309244897959,95.00155765306124,33363,35320,18195,10723,7472,136,430,165,2823,3491,502
Arunachal Pradesh,Upper Subansiri,28.277196566523585,93.8991435622318,55346,83448,45278,24807,20471,782,569,189,3580,3653,609
Arunachal Pradesh,West Kameng,27.46486582278483,92.65015750452083,74599,83947,48492,29566,18926,348,1299,371,8634,7942,867
Arunachal Pradesh,West Siang,28.106296920289846,94.53510344202908,103918,112274,64746,36777,27969,2129,1964,621,9593,10217,1623
Assam,Barpeta,26.427872264631056,90.97912010178116,1394755,1693622,897058,499038,398020,181352,5560,3522,55319,151699,3629
Assam,Bongaigaon,26.45012521994133,90.6734296187684,612665,738804,434078,237114,196964,97820,5837,4174,36350,78595,4536
Assam,Cachar,24.815570668693017,92.86849650455927,1444921,1736617,1174128,639946,534182,93297,8700,6365,99887,168487,9814
Assam,Darrang,26.584632159624423,92.04141338028155,759858,928500,487039,268666,218373,109858,3533,2046,30616,72141,1703
Assam,Dhemaji,27.58653343848582,94.71336908517353,571944,686133,423028,237761,185267,83663,3504,1764,25776,57166,1624
Assam,Dibrugarh,27.30612284482757,95.0998282327587,1185072,1326335,884531,491361,393170,172503,21112,14742,121737,139869,9849
Assam,Goalpara,26.01727777777781,90.59869891598912,822035,1008183,563577,304302,259275,113964,4112,2183,42628,93630,2916
Assam,Golaghat,26.377219709794485,93.8258339782347,946279,1066888,721764,396475,325289,157029,9295,5146,70930,103909,4938
Assam,Hailakandi,24.45749608938549,92.59154664804475,542872,659296,407366,226836,180530,27808,2583,880,19998,55345,2479
Assam,Jorhat,26.76244824016563,94.30197722567289,999221,1092256,794929,432335,362594,164118,16081,11198,92598,128081,6457
Assam,Kamrup,26.17093945205481,91.58863273972592,1311698,1517542,995319,550219,445100,199425,10052,4861,90941,164899,4553
Assam,Karbi Anglong,26.08966454598031,93.11536570271832,813311,956313,557214,314253,242961,97148,3934,2124,56689,78269,3885
Assam,Karimganj,24.69660712250711,92.3679498575498,1007976,1228686,795297,435942,359355,38218,3757,1529,38570,105749,6343
Assam,Kokrajhar,26.49724663573087,90.13997470997688,843243,887142,489305,275220,214085,115712,2996,2167,32320,75903,2227
Assam,Lakhimpur,27.14128805970149,94.0775949253732,889010,1042137,683486,375552,307934,133214,6904,3851,45689,92394,3089
Assam,Nagaon,26.264621706263515,92.9306191144708,2314629,2823768,1710716,921850,788866,333149,13979,8180,127523,271238,13973
Assam,Nalbari,26.46323767605632,91.40598521126763,689053,771639,531771,293184,238587,107774,4785,2667,45938,86710,2571
Assam,Sonitpur,26.73514926829268,92.85197804878044,1665125,1924110,1108572,620525,488047,275119,11760,7942,106909,163277,8760
Assam,Tinsukia,27.535492911392414,95.69055949367085,1150062,1327929,798322,453449,344873,168890,13323,8908,111738,124737,8234
Bihar,Araria,26.21152811918061,87.30766554934816,2158608,2811569,1195768,727643,468125,279254,5041,1645,40387,240730,6631
Bihar,Aurangabad,24.774291867469877,84.45986024096379,2013055,2540073,1466002,868733,597269,195301,7145,2292,45871,235248,5268
Bihar,Aurangabad,24.774291867469877,84.45986024096379,2013055,2540073,2503837,1430936,1072901,192027,33322,43514,403594,526483,37266
Bihar,Banka,24.83235564202333,86.8664916342413,1608773,2034763,965321,590961,374360,159201,3258,1339,32859,181116,3983
Bihar,Begusarai,25.54302613168723,86.1256014403293,2349366,2970541,1548673,918507,630166,295852,9821,4767,76761,334335,10447
Bihar,Bhagalpur,25.27719288537548,87.04213814229243,2423172,3037766,1573066,937669,635397,220531,8644,8210,117040,308044,10349
Bihar,Bhojpur,25.50666439393939,84.49407803030304,2243144,2728407,1599151,973486,625665,206776,7391,4227,87879,268330,9622
Bihar,Buxar,25.48593018867924,84.08808081760995,1402396,1706352,989807,593544,396263,137996,5341,2034,48405,174119,4408
Bihar,Darbhanga,26.14618771929825,85.97387352472099,3295789,3937385,1816634,1125566,691068,320695,10325,5197,80085,440719,15973
Bihar,Gaya,24.726654154727804,84.94291217765044,3473428,4391418,2297613,1368803,928810,294227,11827,7865,107970,383973,10951
Bihar,Gopalganj,26.448743641618517,84.34636127167629,2152638,2562012,1382998,793905,589093,312727,9508,3571,61380,316314,6263
Bihar,Jamui,24.78418380462726,86.26316298200514,1398796,1760405,858588,534385,324203,113424,4842,1341,27056,159792,3712
Bihar,Jehanabad,25.15567904564316,84.9208124481328,926191,1125313,618881,374412,244469,69637,2522,1251,32086,100130,2527
Bihar,Katihar,25.565653560371512,87.70466083591326,2392638,3071029,1280190,762256,517934,285976,5118,2847,60110,239686,8052
Bihar,Khagaria,25.53558891454964,86.56593256351037,1280354,1666886,768028,461153,306875,99898,3120,1113,31220,159866,4837
Bihar,Kishanganj,26.32433675832129,87.95045007235886,1296348,1690400,745056,439921,305135,177516,2436,1022,28736,130592,4035
Bihar,Lakhisarai,25.183449321266966,86.1282570135747,802225,1000912,507270,305182,202088,49052,2415,747,31048,95917,2517
Bihar,Madhepura,25.77341929460581,86.8978443983403,1526646,2001762,834577,517666,316911,169936,4560,1231,23209,182773,5387
Bihar,Madhubani,26.41380538172716,86.16328360450552,3575281,4487379,2155338,1340085,815253,416574,11636,4200,73851,486531,14946
Bihar,Munger,25.19853796296297,86.54173672839504,1137797,1367765,801817,473741,328076,112707,3755,2838,69973,149671,4853
Bihar,Muzaffarpur,26.186644171779147,85.32745092024544,3746714,4801062,2509232,1487117,1022115,548802,23333,11643,172027,547479,18286
Bihar,Nalanda,25.229345508982053,85.48053113772461,2370528,2877653,1519933,919558,600375,121583,7955,3720,87070,273472,9650
Bihar,Nawada,24.825708836206907,85.61594568965519,1809696,2219146,1091012,659474,431538,75606,3991,1322,34020,182748,4704
Bihar,Patna,25.40297114503818,85.31984335877871,4718592,5838465,3459679,2028047,1431632,430595,49821,61156,453344,662665,33562
Bihar,Purnia,25.81714801901739,87.40447606973066,2543942,3264619,1332326,805261,527065,291919,8390,4252,63200,258284,7568
Bihar,Rohtas,24.99170460829495,83.93507626728109,2464243,2959918,1799832,1061783,738049,224824,10819,4727,106218,312557,8169
Bihar,Saharsa,25.821270696721307,86.54670819672134,1508182,1900661,804996,506374,298622,129847,3824,1688,30518,166317,5700
Bihar,Samastipur,25.793205563909765,85.94833323308269,3394793,4261566,2142880,1293575,849305,458268,10621,4320,84248,441421,11807
Bihar,Saran,25.89656077844312,84.82266287425155,3248701,3951862,2157454,1285767,871687,431759,10948,5009,128169,423960,9488
Bihar,Sheikhpura,25.12472436548223,85.77839390862944,525502,636342,328676,196431,132245,33652,1728,635,16279,61568,2362
Bihar,Sheohar,26.45838074866311,85.29539411764709,515961,656246,283698,171645,112053,73447,1410,430,11722,83296,1669
Bihar,Sitamarhi,26.565700696864127,85.61172491289203,2682720,3423574,1436794,885188,551606,317432,7292,3144,61089,340890,9864
Bihar,Siwan,26.1736372013652,84.33766552901022,2714349,3330464,1930175,1115906,814269,382782,10891,4088,74071,401299,8090
Bihar,Supaul,26.281578937728963,86.78496465201462,1732578,2229076,1033283,647672,385611,192734,4064,1099,26559,207212,5441
Bihar,Vaishali,25.8134703180212,85.39247597173153,2718421,3495021,1926740,1152576,774164,397202,11316,4366,101269,390123,9675
Chandigarh,Chandigarh,30.7426,76.75872465753423,900635,1055450,805438,465346,340092,135055,60494,67323,193932,209783,47345
Chhattisgarh,Bastar,19.393866751269048,81.52895126903546,1198067,1413199,650863,382335,268528,192012,4227,4002,50155,58619,4160
Chhattisgarh,Bilaspur,22.356942982456147,81.99770350877188,1998355,2663629,287620,155599,132021,5387,6573,2779,61392,66935,12284
Chhattisgarh,Bilaspur,22.356942982456147,81.99770350877188,1998355,2663629,1596560,932474,664086,345789,13137,17978,193337,177334,10847
Chhattisgarh,Dhamtari,20.554912627291245,81.7569195519348,706591,799781,546833,303924,242909,119931,3069,2686,67737,55660,3257
Chhattisgarh,Durg,21.194463849287164,81.33181639511197,2810436,3343872,2303378,1284612,1018766,489008,28840,36672,343369,315664,27295
Chhattisgarh,Jashpur,22.77286167664669,83.8703962075848,743160,851669,495415,280656,214759,100725,2442,1252,20512,35940,1575
Chhattisgarh,Korba,22.491712499999995,82.57604326923074,1011823,1206640,748759,433391,315368,162148,8677,11842,95963,90312,6042
Chhattisgarh,Koriya,23.50412776859501,82.12515636363634,586327,658917,397823,229923,167900,67318,3402,3527,38765,50432,2753
Chhattisgarh,Mahasamund,21.22372703777336,82.65925427435384,860257,1032754,637963,364089,273874,175231,3546,2279,68012,65540,1915
Chhattisgarh,Raigarh,22.008265068493166,83.27797698630134,1265529,1493984,951639,542756,408883,225249,5979,6693,98784,96724,5312
Chhattisgarh,Raigarh,22.008265068493166,83.27797698630134,1265529,1493984,1939994,1059692,880302,136247,43536,53397,374021,453122,87201
Chhattisgarh,Raipur,20.88603153846152,82.20032759615388,3016930,4063872,2629749,1493158,1136591,549069,30572,39381,378113,340237,25785
Chhattisgarh,Surguja,23.327192787286076,83.23582493887531,1972094,2359886,1187941,694686,493255,277773,8096,6399,74614,118767,5868
Goa,North Goa,15.548723418714054,73.80667997909038,758573,818008,663060,351738,311322,41713,44342,40352,146307,158921,39555
Goa,South Goa,15.195278658183785,73.94179259687701,589095,640537,502427,264085,238342,37799,35031,31413,115535,128759,35584
Gujarat,Amreli,21.04832649310872,71.43457637825426,1393918,1514190,995459,558180,437279,96477,10236,6639,164282,222389,14618
Gujarat,Anand,22.282718206229863,72.57782051557454,1856872,2092745,1551253,874481,676772,172466,19352,20391,203467,244185,34679
Gujarat,Banas Kantha,24.25853896551725,71.93205252873561,2504244,3120506,1704923,1048402,656521,75914,22723,8302,144792,369986,16407
Gujarat,Bharuch,21.75787276237761,72.67326346710801,1370656,1551019,1118276,623047,495229,96508,21579,20255,178535,215142,26021
Gujarat,Bhavnagar,21.70219390341736,72.16272632761141,2469630,2880365,1887255,1087371,799884,238912,17517,18127,293361,400446,23109
Gujarat,Gandhinagar,23.19367979002625,72.67221679790026,1237168,1391753,1030494,582686,447808,121735,26385,25749,178594,204833,23010
Gujarat,Jamnagar,22.410600414263328,69.62062005768232,1904278,2160119,1396534,795140,601394,157250,20471,20728,270555,331968,27937
Gujarat,Junagadh,20.929523011609785,70.54733890140345,2448173,2743082,1842818,1046981,795837,189600,17447,15979,318954,406578,26859
Gujarat,Kachchh,23.48057203301311,68.82192301497915,1583225,2092371,1252319,739239,513080,83904,28788,21858,250397,339331,26105
Gujarat,Kheda,22.887653125000018,73.018803515625,2037894,2299885,1660243,942480,717763,146364,12788,12080,171342,218734,23201
Gujarat,Narmada,21.70666386292833,73.68403208722742,514404,590297,370336,211767,158569,29316,2442,1182,31194,43827,3170
Gujarat,Navsari,20.866973318871995,72.86184869848157,1229463,1329672,1001909,539471,462438,136665,18669,16602,153431,191691,25731
Gujarat,Patan,23.80634198473284,71.75162977099238,1182709,1343734,837913,494631,343282,66270,7802,5271,108006,176829,11039
Gujarat,Porbandar,21.550923516515716,69.71896987722886,536835,585449,393678,221621,172057,40784,4395,3545,80820,92715,6722
Gujarat,Rajkot,22.40603377715488,70.83679439383323,3169881,3804558,2725056,1514075,1210981,355586,55289,52563,571843,651936,62685
Gujarat,Sabar Kantha,23.71803594548552,73.13638790459964,2082531,2428589,1578734,918625,660109,112045,22379,12807,180909,269423,37559
Gujarat,Surat,21.25761372772093,72.93488716344339,4275540,6081322,4571410,2687468,1883942,397563,106983,112976,788447,995637,100342
Gujarat,Surendranagar,22.82672007299272,71.48358740875906,1515148,1756268,1093626,643221,450405,135074,10088,8028,177591,246026,10457
Gujarat,The Dangs,20.801633877551023,73.68835183673471,186729,228291,140968,77314,63654,6914,991,271,9262,11148,1121
Gujarat,Vadodara,22.26133739279589,73.49433010291594,3641802,4165626,2893080,1614087,1278993,399901,72630,95845,497049,583926,83851
Gujarat,Valsad,20.44238231644259,72.91485847983449,1410553,1705678,1170657,655528,515129,119338,23938,21685,188248,242422,22085
Haryana,Ambala,30.3503672316384,76.94970310734456,1014411,1128350,818025,461288,356737,133676,26122,23884,172034,170149,30024
Haryana,Bhiwani,28.728868064516128,76.02110225806452,1425022,1634445,1069871,643158,426713,99232,16793,11346,176336,242718,11502
Haryana,Faridabad,28.148731097560983,77.3271853658537,1365465,1809733,1272739,734940,537799,170927,63470,64331,279652,302937,42136
Haryana,Fatehabad,29.57298318584072,75.54608716814157,806158,942011,557578,327471,230107,86268,14030,7830,107042,136196,10912
Haryana,Gurgaon,28.043894789579163,77.01935130260524,870539,1514432,1111116,638666,472450,103261,92934,86768,248024,274931,53812
Haryana,Hisar,29.23628731117825,75.84324682779452,1537117,1743931,1114311,670200,444111,147721,24642,21142,202588,259276,16651
Haryana,Jhajjar,28.59651868131869,76.61137142857146,880072,958405,676091,399480,276611,69952,14298,9674,128007,145032,10748
Haryana,Jind,29.45149821958457,76.29598575667653,1189827,1334152,832758,502049,330709,113068,15836,10485,160742,193577,14045
Haryana,Kaithal,29.960685390946487,76.37698930041155,946131,1074304,646529,385782,260747,95704,12792,8124,140195,153352,8646
Haryana,Karnal,29.703200647249204,76.87488025889972,1274183,1505324,978013,564516,413497,143754,26238,20819,215813,215865,17819
Haryana,Kurukshetra,30.05652659846548,76.78774680306903,825454,964655,646893,370828,276065,107683,20261,15839,143316,145855,18061
Haryana,Mahendragarh,28.1352161458333,76.14018072916659,812521,922088,630255,380440,249815,54810,8538,5827,88012,133653,9313
Haryana,Panchkula,30.700897142857126,76.97173238095236,468411,561293,405318,229862,175456,42737,29497,27786,88378,92486,23673
Haryana,Panipat,29.343521341463426,76.92895914634147,967449,1205437,786599,464136,322463,90548,17466,17705,162321,172677,13262
Haryana,Rewari,28.19164714828897,76.55956007604564,765351,900332,636947,375453,261494,71366,12161,10676,108753,137152,14923
Haryana,Rohtak,28.892517647058817,76.53123235294117,940128,1061204,747582,436025,311557,91682,16545,17402,150160,160621,13922
Haryana,Sirsa,29.63583446327684,74.90970480225988,1116649,1295189,782897,456968,325929,117760,24468,13695,150315,190983,17622
Himachal Pradesh,Bilaspur,31.378042290748898,76.65316079295157,340885,381956,287620,155599,132021,5387,6573,2779,61392,66935,12284
Himachal Pradesh,Bilaspur,31.378042290748898,76.65316079295157,340885,381956,1596560,932474,664086,345789,13137,17978,193337,177334,10847
Himachal Pradesh,Chamba,32.66741814595661,76.39354063116366,460887,519080,323842,186064,137778,1657,5074,2391,62233,73995,6783
Himachal Pradesh,Hamirpur,31.67668481012659,76.49767088607594,412700,454768,358091,180555,177536,7094,6665,3438,86324,90286,19528
Himachal Pradesh,Hamirpur,31.67668481012659,76.49767088607594,412700,454768,653299,408125,245174,99240,3791,1757,48564,137792,2839
Himachal Pradesh,Kangra,32.14093603238864,76.41205910931173,1339030,1510075,1152640,606443,546197,38456,22727,12858,272579,274180,43145
Himachal Pradesh,Kinnaur,31.606671840659327,78.51613736263741,78334,84121,60699,36697,24002,190,2775,611,12925,16468,2660
Himachal Pradesh,Kullu,31.909119220779253,77.40922649350647,381571,437903,307672,174550,133122,2450,8479,3454,66910,79454,9049
Himachal Pradesh,Mandi,31.63580594059405,76.96556930693067,901344,999777,723747,393669,330078,10927,15958,8055,157314,172205,31335
Himachal Pradesh,Shimla,31.15572545180725,77.62573042168668,722502,814010,612642,342846,269796,2813,23107,10363,131450,161675,28920
Himachal Pradesh,Sirmaur,30.682764453961443,77.43184689507494,458593,529855,362645,205617,157028,16691,7459,3852,58902,75406,7787
Himachal Pradesh,Solan,31.03864311926604,76.94442140672783,500557,580320,428578,244372,184206,12426,15117,7887,94692,108699,22025
Himachal Pradesh,Una,31.58330388349513,76.18353932038835,448273,521173,399715,213281,186434,41378,8059,5342,88894,90729,12776
Jharkhand,Bokaro,23.6814965034965,85.98398374125864,1777662,2062330,1273520,759088,514432,247231,21098,22508,179570,239204,12765
Jharkhand,Chatra,24.11619945750453,84.93295804701627,808135,1042886,510061,303902,206159,90400,2110,852,17627,82823,1835
Jharkhand,Deoghar,24.33070100755672,86.75697632241814,1165390,1492073,793538,489837,303701,174959,3714,3384,64890,126305,3075
Jharkhand,Dhanbad,23.854509090909094,86.40372924901185,2397102,2684487,1722204,1014950,707254,283681,18631,23334,290580,328776,11094
Jharkhand,Dumka,24.275006125574265,87.27662450229711,1106521,1321442,672409,406275,266134,175375,2912,1785,32443,75323,2170
Jharkhand,Garhwa,24.08211468926553,83.68664265536722,1035464,1322784,653476,405161,248315,108161,2671,934,21864,100748,1764
Jharkhand,Giridih,24.30578509874329,86.08710915619386,1905343,2445474,1253475,783736,469739,226550,6290,3341,63911,242670,4373
Jharkhand,Godda,24.8189,87.29417354838709,1047939,1313551,604519,376212,228307,133332,1754,1458,25764,89533,2365
Jharkhand,Gumla,23.078532948929148,84.55056787479396,832447,1025213,559720,321795,237925,130700,2181,1114,18701,55186,1416
Jharkhand,Jamtara,23.97873318077801,86.95325080091534,653081,791042,426312,258260,168052,116861,1632,1057,31194,55601,1125
Jharkhand,Latehar,23.72511185840708,84.48298743362838,560894,726978,350682,209706,140976,63127,1268,440,10697,39512,1169
Jharkhand,Lohardaga,23.488796043165483,84.6605169064748,364521,461790,259707,149568,110139,66235,1102,677,12504,32713,666
Jharkhand,Pakur,24.57260428082189,87.69691969178076,701664,900422,352881,206989,145892,102037,923,605,16500,39592,1349
Jharkhand,Palamu,24.196925968109337,84.20310842824594,1537465,1939869,1024563,621706,402857,159105,8015,2931,51012,167482,4255
Jharkhand,Ranchi,23.18423506139155,85.31781937244203,2350245,2914253,1911433,1085244,826189,344888,34053,43660,247137,334055,21695
Jharkhand,Sahibganj,24.93667989690721,87.68264097938143,927770,1150567,483263,287303,195960,95511,1285,808,24604,64808,2605
Jharkhand,Simdega,22.60876039119805,84.59193691931536,514320,599578,343483,191991,151492,86022,1158,476,7606,27504,1096
Karnataka,Bagalkot,16.15860676328503,75.64526070853469,1651892,1889752,1113412,641388,472024,153879,9726,7247,161280,234284,14687
Karnataka,Bangalore Rural,12.936827087794446,77.47369314775169,850968,990923,688749,385311,303438,93908,10389,7181,156967,165588,7675
Karnataka,Belgaum,16.16107219152853,74.72329042357275,4214505,4779661,3052032,1725548,1326484,519937,35104,31642,468274,641485,50322
Karnataka,Bellary,15.074377548209371,76.47228471074374,2027140,2452595,1421621,813440,608181,164714,14163,17678,291101,327050,17603
Karnataka,Bidar,17.950361730769227,77.1945996153846,1502373,1703300,1042673,597198,445475,102869,9724,6751,116314,187983,17454
Karnataka,Bijapur,16.84015316666667,75.95909166666667,1806918,2177331,86919,54076,32843,16830,305,156,4215,5033,501
Karnataka,Bijapur,16.84015316666667,75.95909166666667,1806918,2177331,1248268,730566,517702,161995,11722,9673,164015,284523,15318
Karnataka,Chitradurga,14.29102220394736,76.57821957236844,1517896,1659456,1087392,607188,480204,102607,7425,6484,174344,206637,19601
Karnataka,Davanagere,14.330414586709884,75.91723841166937,1790952,1945497,1308540,720637,587903,146389,15449,15464,256051,284572,21280
Karnataka,Dharwad,15.34383137697517,75.13831264108359,1604253,1847023,1301664,711776,589888,111313,21127,27168,233604,266330,30610
Karnataka,Gadag,15.507128256880744,75.64861302752298,971835,1064570,700177,397178,302999,73191,5205,4457,104708,128416,9204
Karnataka,Gulbarga,17.070459515951594,76.87503850385032,2174742,2566326,1427368,828359,599009,118463,12872,16365,222126,307848,16557
Karnataka,Hassan,12.945098749999998,76.11049549999997,1721669,1776421,1225256,668836,556420,138247,14979,9263,272295,307439,27395
Karnataka,Haveri,14.73758280922432,75.3961230607966,1439116,1597668,1085443,603793,481650,117943,5681,4509,155076,194815,9700
Karnataka,Kodagu,12.39684468085106,75.79336595744687,548561,554519,412877,215302,197575,20075,16963,4548,83016,104109,24777
Karnataka,Kolar,13.312799881235172,78.01376947743476,1387062,1536401,1016219,564110,452109,127046,9208,10291,209698,223139,22185
Karnataka,Koppal,15.651253271028034,76.16170485981309,1196089,1389920,809085,468785,340300,97577,6211,4246,113995,166636,9505
Karnataka,Mandya,12.574901806239744,76.81570098522172,1763705,1805769,1149649,638668,510981,192330,8188,6547,236020,265094,15234
Karnataka,Mysore,12.248100259403367,76.52881802853437,2641027,3001127,1962180,1063766,898414,252546,40420,49016,441131,472605,38821
Karnataka,Raichur,16.050795353982295,76.87368606194688,1669762,1928812,979769,577213,402556,120959,11104,8915,162411,242634,12001
Karnataka,Shimoga,14.063845885634592,75.17882078103197,1642545,1752753,1263016,674938,588078,165796,20781,16632,259899,299155,33676
Karnataka,Tumkur,13.592467760074973,77.02297966260545,2584711,2678980,1813391,1006024,807367,276586,14929,16675,321848,372910,33669
Karnataka,Udupi,13.450404228534568,74.72009990316337,1112243,1177361,926429,465704,460725,79637,21349,13822,173033,220948,52148
Kerala,Alappuzha,9.542602965599087,76.38010796263319,2109160,2127789,1852797,890552,962245,229196,42404,41112,425707,466736,151837
Kerala,Ernakulam,10.004879301987431,76.26957729035381,3105798,3282388,2855676,1425723,1429953,250078,135307,132533,696129,741106,286440
Kerala,Idukki,9.80480963855423,77.04586641566264,1129221,1108974,923010,471881,451129,19378,21976,11163,207519,247060,71343
Kerala,Kannur,11.941523076923056,75.35209891725934,2408956,2523003,2138434,1012956,1125478,66300,44108,34105,423337,503214,193231
Kerala,Kasaragod,12.33310309912974,75.07768497134369,1204078,1307375,1037492,516476,521016,27736,19438,12210,179664,239445,95824
Kerala,Kollam,8.929388820570157,76.63607758524309,2585208,2635375,2240273,1074345,1165928,157906,58867,42989,525754,569631,192362
Kerala,Kottayam,9.643701174068417,76.46059673302705,1953646,1974551,1749798,861592,888206,76041,73096,50903,406922,451226,202339
Kerala,Kozhikode,11.392924270557025,75.71158720159153,2879131,3086293,2615443,1266939,1348504,94227,54277,51258,490719,632201,238753
Kerala,Malappuram,10.97329875666072,75.93910775606876,3625471,4112920,3311315,1597404,1713911,96908,59145,43503,485406,720497,218598
Kerala,Palakkad,10.784926903553291,76.49980490693744,2617482,2809934,2239492,1122600,1116892,101999,43458,36289,447169,533223,136371
Kerala,Thiruvananthapuram,8.537101759082223,76.88711502868074,3234356,3301427,2785408,1354857,1430551,136964,96456,94612,658734,697741,204592
Kerala,Thrissur,10.458932647907687,76.12321940836945,2974232,3121200,2678548,1282261,1396287,248933,84016,79552,616644,671105,252806
Kerala,Wayanad,11.715277464788734,76.07587007042254,780619,817420,645585,328136,317449,15359,13027,6438,109972,155220,47065
Madhya Pradesh,Anuppur,23.18184220430107,81.86560000000007,667155,749237,436595,254120,182475,84977,2895,3062,41067,57032,3122
Madhya Pradesh,Ashoknagar,24.630988461538447,77.82974493927135,688940,845071,469109,290304,178805,43637,2373,1332,42898,81251,2830
Madhya Pradesh,Balaghat,21.80020720640569,80.42170053380795,1497968,1701698,1147623,626468,521155,252422,4045,4072,82475,100910,7328
Madhya Pradesh,Barwani,21.702135714285728,74.91004719710673,1086366,1385881,549926,313642,236284,51163,3102,2713,48847,70169,3955
Madhya Pradesh,Betul,21.964626315789477,77.78734281891171,1395175,1575362,939769,529783,409986,114524,5740,5615,94586,121106,11232
Madhya Pradesh,Bhind,26.35951126187245,78.7618324287653,1428559,1703005,1094917,676513,418404,165675,4463,2276,75539,177168,2561
Madhya Pradesh,Bhopal,23.48072614379085,77.39246623093679,1843510,2371061,1660690,920314,740376,159808,60383,73852,339750,353909,45536
Madhya Pradesh,Burhanpur,21.364567254408065,76.24460478589425,634883,757847,408679,233073,175606,37369,2142,2394,58527,55999,5140
Madhya Pradesh,Chhatarpur,24.813637376460004,79.56449299191374,1474723,1762375,943033,572010,371023,197839,6206,4684,82967,180063,5528
Madhya Pradesh,Chhindwara,22.227966971713823,78.76413136439255,1849283,2090922,1294198,731294,562904,158956,8235,8969,138316,150476,14617
Madhya Pradesh,Damoh,23.76624407960196,79.47049303482588,1083949,1264219,747715,445737,301978,116361,3031,2473,66044,104780,3985
Madhya Pradesh,Datia,25.90226439560441,78.63916571428574,664159,786754,491445,303815,187630,65191,2897,1382,55966,89056,2229
Madhya Pradesh,Dewas,22.7851110021322,76.46088805970156,1308223,1563715,925369,550716,374653,117794,9017,7862,124826,168269,10372
Madhya Pradesh,Dhar,22.57268171896316,75.1105620736698,1740329,2185793,1077338,638479,438859,114497,8080,5900,123750,183741,10365
Madhya Pradesh,Dindori,22.83738437047757,81.04332966714911,580730,704524,378714,222759,155955,26743,1291,754,13765,25956,1438
Madhya Pradesh,Guna,24.49043927178156,77.2235895968791,977827,1241519,653980,400537,253443,76571,5968,4802,80642,120895,5706
Madhya Pradesh,Gwalior,26.04074441964285,78.12782433035713,1632109,2032036,1357210,803114,554096,194763,21313,30277,232840,253163,24616
Madhya Pradesh,Harda,22.227659781121783,77.07022571819434,474416,570465,352550,203807,148743,29025,3556,2269,45661,63615,2775
Madhya Pradesh,Hoshangabad,22.595268801996703,78.02168094841929,1084265,1241350,810644,469199,341445,106654,7335,7754,112371,138517,7611
Madhya Pradesh,Indore,22.680265752128648,75.9133801324502,2465827,3276697,2309130,1289631,1019499,318881,64865,88099,464337,479762,61876
Madhya Pradesh,Jabalpur,23.18525572327043,79.98328754716981,2151203,2463289,1756468,980307,776161,271469,26487,40531,285248,274726,29449
Madhya Pradesh,Jhabua,22.419578015397764,74.4092161676647,784286,1025048,352081,214582,137499,31319,2215,1718,22470,60130,2661
Madhya Pradesh,Katni,23.724416229116937,80.33819665871127,1064167,1292042,790773,460583,330190,133962,3958,4652,76207,100862,4990
Madhya Pradesh,Mandla,22.70348712446353,80.38600543633753,894236,1054905,604962,348033,256929,80798,2246,2156,40591,51683,3516
Madhya Pradesh,Mandsaur,24.19278764044944,75.43588667736759,1183724,1340411,834591,502898,331693,123272,5435,5253,109904,166980,12689
Madhya Pradesh,Morena,26.37313504531724,77.88447341389724,1592714,1965970,1179685,747652,432033,172169,5829,3354,89156,195957,4355
Madhya Pradesh,Neemuch,24.70311893333336,75.06608186666664,726070,826067,508834,307889,200945,84293,4498,4382,73279,105328,10771
Madhya Pradesh,Panna,24.45132584009265,80.21133001158752,856558,1016520,552559,332140,220419,96258,2219,1301,30800,82991,2054
Madhya Pradesh,Raisen,23.292518206521727,78.16305495923909,1125154,1331597,820220,479093,341127,64233,6017,2842,87258,133315,3143
Madhya Pradesh,Rajgarh,23.785499026425587,76.66431223922115,1254085,1545814,804245,488797,315448,85879,4185,2597,76942,150010,5656
Madhya Pradesh,Ratlam,23.503562290502792,75.14895782122909,1215393,1455069,825880,485090,340790,106605,5757,7825,107463,146318,12153
Madhya Pradesh,Rewa,24.86118462515885,81.57572465057183,1973306,2365106,1441757,845572,596185,302445,11833,6849,109351,237937,10542
Madhya Pradesh,Sagar,23.800318709677374,78.71940357771274,2021987,2378458,1545719,908607,637112,174324,11291,10066,160622,213013,11125
Madhya Pradesh,Satna,24.62777621776502,80.75547048710598,1870104,2228935,1371781,801051,570730,251079,9401,7853,117176,212078,11987
Madhya Pradesh,Sehore,22.9297199679658,77.06780202883084,1078912,1311332,780362,469208,311154,82644,6041,3694,100011,141356,7295
Madhya Pradesh,Seoni,22.33230487804874,79.66053863928111,1166608,1379131,864194,485341,378853,140883,4048,2951,66919,84804,6431
Madhya Pradesh,Shahdol,23.448598645598192,81.4596831828442,908148,1066063,604194,348761,255433,132313,3819,3472,45685,72253,3684
Madhya Pradesh,Shajapur,23.56662031722055,76.33555181268885,1290685,1512681,894612,543509,351103,105728,4200,3344,88946,160720,7213
Madhya Pradesh,Sheopur,25.78014810996563,77.16911116838484,559495,687861,328025,208201,119824,32178,1634,698,29266,57366,1332
Madhya Pradesh,Shivpuri,25.378024518743672,77.74861600810549,1406031,1726050,900846,573242,327604,125237,5417,3913,71501,148509,5680
Madhya Pradesh,Sidhi,24.17547189952905,82.1053783359498,910983,1127033,600785,353030,247755,90963,3320,1208,26502,82709,2097
Madhya Pradesh,Tikamgarh,25.14099852104666,78.89357064846428,1202998,1445166,747940,459353,288587,153933,4139,2393,62828,140118,2830
Madhya Pradesh,Ujjain,23.319288862745065,75.80383717647058,1710982,1986864,1240990,730817,510173,163671,12167,16645,181659,248508,22041
Madhya Pradesh,Umaria,23.59601063063061,80.90879477477475,515963,644758,356672,210907,145765,66004,1873,1527,22502,39260,2139
Madhya Pradesh,Vidisha,23.82838307984792,77.9013507604563,1214857,1458875,862918,512344,350574,70884,5682,4922,96565,150643,6742
Maharashtra,Akola,20.746310479041902,77.12122320359276,1629633,1813906,1411281,758977,652304,126856,9037,11896,176674,195210,16617
Maharashtra,Amravati,21.16520991810736,77.67583503184724,2607160,2888445,2251875,1207104,1044771,211384,15285,18992,302188,295756,31416
Maharashtra,Aurangabad,20.0979228832952,75.32072196796334,2902602,3701282,1466002,868733,597269,195301,7145,2292,45871,235248,5268
Maharashtra,Aurangabad,20.0979228832952,75.32072196796334,2902602,3701282,2503837,1430936,1072901,192027,33322,43514,403594,526483,37266
Maharashtra,Bhandara,21.211792649727744,80.10950199637023,1136146,1200334,899860,488709,411151,182892,5184,5536,117299,131424,10568
Maharashtra,Chandrapur,20.095609090909072,79.31556380471388,2071101,2204307,1578615,872565,706050,248585,12746,16949,229635,250418,21209
Maharashtra,Dhule,21.274018690400517,74.58719071837263,1707947,2050862,1293916,723388,570528,107616,10912,12022,174524,210557,18343
Maharashtra,Hingoli,19.59525302245251,77.09239412780653,987160,1177345,790743,450551,340192,48246,3833,2130,73640,134812,4797
Maharashtra,Jalgaon,20.8828943415638,75.55140421810695,3682690,4229917,2891882,1629223,1262659,229955,19560,26385,431221,459652,58630
Maharashtra,Jalna,19.984612534818933,75.98473607242339,1607391,1959046,1195523,699428,496095,84022,8400,6111,158182,255420,32267
Maharashtra,Kolhapur,16.44881301587301,74.12897150793648,3523162,3876001,2825845,1559760,1266085,383946,49081,45061,507573,595768,89659
Maharashtra,Latur,18.348687268993853,76.75812607802874,2080285,2454196,1650672,932432,718240,108626,13150,10060,190739,302745,23165
Maharashtra,Nagpur,21.196556862745105,79.02166176470584,4067637,4653570,3673808,1959220,1714588,577214,71592,106415,728714,719955,91604
Maharashtra,Nanded,19.209316983017,77.6829048951049,2876259,3361292,2189425,1255222,934203,109371,12341,12589,216364,384823,21313
Maharashtra,Nandurbar,21.523175625248147,74.32638757443429,1311709,1648295,906509,512099,394410,40529,6135,4587,83144,101758,9349
Maharashtra,Nashik,20.266912871287147,74.03824168316828,4993796,6107187,4345366,2397538,1947828,400486,79590,89201,630639,798663,73768
Maharashtra,Osmanabad,18.19459456066944,75.9949557531381,1486586,1657576,1137810,644304,493506,93061,7974,4182,117741,200323,14906
Maharashtra,Parbhani,19.31032425249168,76.70163338870431,1527715,1836086,1157814,666291,491523,82350,6973,6057,135933,224888,13530
Maharashtra,Pune,18.51696171428573,74.12922881632646,7232555,9429408,7171723,3940210,3231513,735590,273326,382527,1555272,1792197,210257
Maharashtra,Ratnagiri,17.210195070127703,73.25725893866405,1696777,1615069,1199392,619012,580380,49177,15191,13304,163470,258015,46494
Maharashtra,Sangli,17.154930181086502,74.70713822937628,2583524,2822143,2049467,1121550,927917,335852,29515,26191,310230,415009,52357
Maharashtra,Satara,17.6737908974359,74.18052064102558,2808994,3003741,2225694,1201034,1024660,246949,36046,31351,374085,463058,50076
Maharashtra,Sindhudurg,16.170948049777163,73.51329008172344,868825,849651,666067,348289,317778,39669,9264,6101,98475,131855,20150
Maharashtra,Solapur,17.837357937584812,75.42394823609216,3849543,4317756,2910676,1651266,1259410,419488,28219,27734,376000,576726,40507
Maharashtra,Thane,19.698767747440268,72.79882742564581,8131849,11060148,8227161,4591396,3635765,403936,172210,255987,1741244,2011713,330833
Maharashtra,Wardha,20.80743024390242,78.57259105691062,1236736,1300774,1019458,552617,466841,129060,6970,8251,170620,166398,16802
Maharashtra,Washim,20.282282394366213,77.25502394366208,1020822,1197160,869917,487703,382214,66675,3623,2868,97022,125662,6965
Maharashtra,Yavatmal,20.04258346738159,78.05326371760479,2458271,2772348,2022574,1115980,906594,168661,12132,11514,245261,279184,19991
Manipur,Bishnupur,24.507121118012428,93.8246236024845,208368,237399,156333,87313,69020,25026,2009,848,23140,28217,843
Manipur,Chandel,24.2635812987013,94.09443844155844,118327,144182,90302,51053,39249,7705,908,336,8319,12428,553
Manipur,Churachandpur,24.30309718875504,93.38671506024085,227905,274143,195935,104013,91922,12613,1807,1484,17498,24266,1382
Manipur,Senapati,25.08465586034914,94.03366234413956,283621,479148,264477,148012,116465,6761,827,264,9623,13568,484
Manipur,Tamenglong,24.98312942238265,93.49450740072204,111499,140651,85006,47403,37603,826,495,152,5233,6037,475
Manipur,Thoubal,24.54539255319149,93.97959893617023,364140,422168,269304,152617,116687,57139,3141,1189,34893,48254,1422
Manipur,Ukhrul,25.05900314960629,94.44129566929138,140778,183998,129829,70148,59681,1275,1107,260,7360,12142,490
Meghalaya,East Garo Hills,25.82728228228228,90.64684924924916,252399,317917,192147,102513,89634,22238,1167,547,15115,15314,705
Meghalaya,East Khasi Hills,25.303763888888888,91.75922519841272,660923,825922,578030,287270,290760,5188,15048,9037,79933,93619,5907
Meghalaya,Jaintia Hills,25.33959557069844,92.376081601363,299108,395124,187527,87371,100156,1826,4790,888,17352,30613,654
Meghalaya,South Garo Hills,25.24056857855361,90.64560349127176,110244,142334,82062,45003,37059,2581,695,199,6721,6235,470
Meghalaya,West Garo Hills,25.495285185185185,90.03709947089943,507309,643291,358702,193438,165264,32839,3589,2270,35051,45766,3620
Meghalaya,West Khasi Hills,25.50088992673993,91.25364542124538,296049,383461,230678,117307,113371,3325,1683,210,12548,19192,675
Mizoram,Aizawl,23.90781335453101,92.85359459459472,325676,400309,340595,169547,171048,4713,9581,11817,59257,73438,8462
Mizoram,Champhai,23.541665809768663,93.24221799485862,107793,125745,100802,51440,49362,911,1237,911,13445,19039,1338
Mizoram,Kolasib,24.2020004347826,92.73470391304348,65960,83955,65895,34147,31748,1119,867,908,8392,12841,1288
Mizoram,Lawngtlai,22.36102843137253,92.66964156862753,87592,117894,62861,36444,26417,487,631,392,6657,7895,870
Mizoram,Lunglei,23.007717036172675,92.63512555425892,137223,161428,121122,64515,56607,1020,1982,1814,15871,21471,1851
Mizoram,Mamit,23.73852942502819,92.4330803833147,62785,86364,60191,32977,27214,550,565,388,6263,10031,467
Mizoram,Saiha,22.35744801061008,93.02827931034489,47084,56574,42233,21861,20372,143,507,322,4797,5856,591
Mizoram,Serchhip,23.263864705882344,92.914158496732,54460,64937,54476,27598,26878,482,702,492,7043,10185,941
Nagaland,Dimapur,25.81417681159423,93.75074057971014,308429,378811,278037,150142,127895,18820,10008,6070,50453,60055,4861
Nagaland,Kohima,25.603114285714284,93.78600657596373,219913,267988,197489,107038,90451,1472,8428,4116,29077,38531,1884
Nagaland,Mokokchung,26.47891176470589,94.522426006192,232085,194622,159494,83479,76015,2132,3805,1101,20192,22667,1683
Nagaland,Mon,26.692073743016763,95.03072988826828,260652,250260,119626,67432,52194,2148,1007,233,5647,13012,476
Nagaland,Phek,25.632729865771815,94.56814563758392,148195,163418,105893,57926,47967,549,1780,406,9553,17005,1100
Nagaland,Tuensang,26.21104453280316,94.85809880715708,186003,196596,117511,63653,53858,355,1063,208,7687,13878,541
Nagaland,Wokha,26.20261155115511,94.1990815181518,161223,166343,128208,67385,60823,2907,1592,429,10923,14850,552
Nagaland,Zunheboto,26.028178205128214,94.50026666666668,154598,140757,102881,53504,49377,713,2258,424,9954,15491,940
Punjab,Amritsar,31.54867982062777,74.79883856502238,2157020,2490656,1684770,932981,751789,286368,56185,49521,413460,379572,39155
Punjab,Bathinda,30.190524611973352,75.05685898004437,1183295,1388525,844868,488261,356607,176384,36173,24238,204051,215302,29316
Punjab,Faridkot,30.591187250996025,74.79751553784862,550892,617508,381285,215767,165518,82761,15528,9745,93053,95758,16563
Punjab,Fatehgarh Sahib,30.64290947368421,76.36208394736842,538470,600163,426033,238696,187337,84834,18239,11551,98080,98401,16153
Punjab,Firozpur,30.63407535211269,74.40245732394365,1746107,2029074,1227511,707070,520441,237901,37105,22046,277615,290671,35063
Punjab,Gurdaspur,32.04283371212125,75.3204064393939,2103455,2298323,1634719,907660,727059,280874,32484,26895,365644,336075,49386
Punjab,Hoshiarpur,31.551571698113197,75.8469857442349,1481292,1586625,1199699,637927,561772,227316,33720,27207,285904,278411,59253
Punjab,Jalandhar,31.25033690721651,75.54400350515463,1962761,2193590,1622537,882581,739956,286365,72374,65696,401189,395069,79140
Punjab,Kapurthala,31.33659263803684,75.47641165644177,754521,815168,576567,316254,260313,107044,23561,18981,144945,145116,24128
Punjab,Ludhiana,30.76596397379912,75.83110851528383,3032831,3498739,2560225,1428348,1131877,461137,120172,101595,604959,606726,115834
Punjab,Mansa,29.919547714285727,75.4304922857143,688758,769751,423560,244037,179523,90845,12805,6347,102314,111889,10368
Punjab,Moga,30.756540067340065,75.16008451178449,894793,995746,627889,348549,279340,140084,26253,15888,152610,155841,22668
Punjab,Patiala,30.214540380693364,76.27505893949697,1584780,1895686,1266791,711052,555739,253101,57008,46072,308440,303548,42077
Punjab,Rupnagar,30.91093733075435,76.53743500967127,628846,684627,502731,278534,224197,95548,17248,13714,111937,114425,19540
Punjab,Sangrur,30.18504520433689,75.89437014178496,1473242,1655169,1002077,570413,431664,240629,35264,23004,244837,252535,56086
Rajasthan,Ajmer,26.199300378787907,74.6990419191919,2178447,2583052,1526673,926268,600405,187324,24509,29286,250461,363250,40909
Rajasthan,Alwar,27.55271738035265,76.65359630562563,2991552,3674179,2182476,1359829,822647,242678,30207,22416,258862,477446,33184
Rajasthan,Banswara,23.45364203296701,74.44246868131869,1420601,1797485,829343,513854,315489,39865,5287,4888,48693,108760,8885
Rajasthan,Baran,24.98023243243244,76.86210651828291,1021473,1222755,693307,432607,260700,61129,5741,3107,88344,150412,5247
Rajasthan,Barmer,25.77070908045978,71.50297126436782,1964835,2603751,1188322,783461,404861,47366,27009,5298,52926,299183,13507
Rajasthan,Bharatpur,27.32411858037578,77.21752077244258,2100020,2548462,1480869,943910,536959,152915,10349,8429,160190,303255,14311
Rajasthan,Bhilwara,25.45119767759564,74.63947595628417,2020969,2408523,1256126,777582,478544,212245,17508,13309,175393,341043,27770
Rajasthan,Bikaner,28.124890683229808,73.2694332298137,1696039,2363937,1278801,782399,496402,97914,17113,15765,138480,287946,19699
Rajasthan,Bundi,25.48580716049379,75.79984074074079,962620,1110906,585044,371705,213339,86810,5787,3132,78692,143433,7851
Rajasthan,Churu,28.29330375536484,74.65846427038629,1902110,2039547,1149269,696729,452540,46531,9938,4720,131174,268431,20477
Rajasthan,Dausa,26.912348176291808,76.57342097264443,1323002,1634409,938051,596935,341116,84799,6664,3856,82113,202591,7819
Rajasthan,Dungarpur,23.75104807692308,73.84765641025645,1107643,1388552,681591,415820,265771,18435,4385,3252,46510,115373,7432
Rajasthan,Hanumangarh,29.181335179153105,74.74632573289902,1518005,1774692,1034136,624281,409855,93418,16537,7808,140280,249474,22065
Rajasthan,Jaipur,27.03345929018789,75.77117286012533,5251071,6626178,4300965,2554793,1746172,393025,142866,141437,764302,974168,128107
Rajasthan,Jaisalmer,26.86900838548185,71.18371877346682,508247,669919,308653,210415,98238,11291,5218,1426,19388,81102,4016
Rajasthan,Jhalawar,24.24725541474657,76.11242891705066,1180323,1411129,739792,466815,272977,81160,5385,3516,96225,167020,9194
Rajasthan,Jodhpur,26.678460838536967,73.00450847457628,2886505,3687165,2031532,1265753,765779,193641,40768,35071,246002,491165,42174
Rajasthan,Karauli,26.51901555555556,76.96081818181815,1205888,1458248,805849,531904,273945,52008,3820,2021,49752,166652,6011
Rajasthan,Kota,25.17571808000001,76.18618928000002,1568705,1951014,1298345,765396,532949,150716,24848,25780,236764,283909,27038
Rajasthan,Nagaur,27.078620160481464,74.14215667001012,2775058,3307743,1758624,1102750,655874,90046,26150,9194,184518,465022,27155
Rajasthan,Pali,25.80490393541874,73.55285640766905,1820251,2037573,1085693,667381,418312,175945,14175,8336,154761,316935,28588
Rajasthan,Rajsamand,25.248947674418588,73.96570215946844,982523,1156597,619139,383334,235805,65503,7060,4460,80267,168164,9554
Rajasthan,Sawai Madhopur,26.251081180223288,76.4219283891548,1117057,1335551,741748,486184,255564,66594,4398,3526,61935,171024,8356
Rajasthan,Sikar,27.646440586419764,75.29317422839503,2287788,2677333,1652117,995275,656842,76325,22494,10754,218772,384989,34184
Rajasthan,Sirohi,24.7976905263158,72.75309131578945,851107,1036346,476806,309900,166906,52893,6343,4483,65197,125006,9105
Rajasthan,Tonk,26.15393507170793,75.79192216427637,1211671,1421326,749659,478329,271330,93547,6295,4140,83447,189703,10528
Rajasthan,Udaipur,24.440767521367487,73.84029839743584,2481201,3068420,1582629,973444,609185,145780,27979,27786,180282,330546,32475
Tamil Nadu,Ariyalur,11.190514836795256,79.22249643916912,695524,754894,480604,269582,211022,104900,2937,3046,165150,134358,7216
Tamil Nadu,Chennai,13.058098905608746,80.28139151846807,4343645,4646732,3776276,1968079,1808197,409796,146388,264763,1055696,1017122,214074
Tamil Nadu,Coimbatore,10.871376995940452,77.0761901217862,2916620,3458045,2635907,1394790,1241117,353990,87211,109489,841918,777347,90704
Tamil Nadu,Cuddalore,11.57587300613498,79.63002365371497,2285395,2605914,1815281,1000322,814959,343988,19828,27077,555029,470021,29494
Tamil Nadu,Dharmapuri,12.300141200000004,78.11509813333339,1295182,1506843,917709,527599,390110,164521,5843,7687,310765,258752,16103
Tamil Nadu,Dindigul,10.377801390820574,77.78011279554937,1923014,2159775,1481834,816180,665654,222834,15538,15800,458486,379839,20547
Tamil Nadu,Erode,11.267012155963302,77.42034334862393,2016582,2251744,1492662,828300,664362,368604,33405,37339,557479,483430,54771
Tamil Nadu,Karur,10.79532776617955,78.08749686847605,935686,1064493,727044,401726,325318,153941,10648,10393,250010,210748,13620
Tamil Nadu,Madurai,9.904313833333331,78.0136603333333,2578201,3038252,2273430,1223810,1049620,325803,30852,54832,708942,618922,47472
Tamil Nadu,Nagapattinam,10.789468161718288,79.79437299431483,1488839,1616450,1213008,640916,572092,219886,9042,9238,362211,282418,35755
Tamil Nadu,Namakkal,11.33766638477801,78.14624841437633,1493462,1726601,1176131,653312,522819,262313,18550,19466,418420,352439,29271
Tamil Nadu,Perambalur,11.260137758112096,78.86034011799416,493646,565223,375823,208011,167812,59863,2259,2687,125953,103116,5841
Tamil Nadu,Pudukkottai,10.130514816433578,79.05444484265728,1459601,1618345,1110545,608776,501769,209024,7882,8191,324444,286329,18996
Tamil Nadu,Ramanathapuram,9.31286995153476,78.99185362412462,1187604,1353445,978946,536487,442459,125445,5524,5886,284169,252000,16266
Tamil Nadu,Salem,11.629324202127654,78.2478257978723,3016346,3482056,2285562,1285107,1000455,441388,30660,39279,749932,650064,46638
Tamil Nadu,Sivaganga,9.960306580645158,78.56535729032254,1155356,1339101,959744,526304,433440,172619,8222,10799,304124,258837,20071
Tamil Nadu,Thanjavur,10.387692255892237,79.3194869107745,2216138,2405890,1790998,944264,846734,343328,17231,24121,522490,446982,42853
Tamil Nadu,Theni,9.924066666666668,77.43458833333331,1093950,1245899,870080,479403,390677,99044,6607,6570,291879,209456,10191
Tamil Nadu,Tiruvannamalai,12.419318947368414,79.23265631578953,2186125,2464875,1626813,909803,717010,309133,7851,10740,505170,389329,19983
Tamil Nadu,Vellore,12.78488263229308,79.02643283582084,3477317,3936331,2773928,1504355,1269573,491133,20393,36342,797713,653681,45832
Tamil Nadu,Virudhunagar,9.468872195892564,77.87641469194315,1751301,1942288,1398788,760375,638413,282826,9845,17403,457317,353909,23643
Tripura,Dhalai,23.781360477941163,91.94654283088232,310598,378230,276217,151643,124574,22716,907,338,24750,25563,2013
Tripura,North Tripura,24.121739755351683,92.17842538226292,590913,693947,520402,275646,244756,42636,2726,1215,43755,63308,4970
Tripura,South Tripura,23.211874098057383,91.6065807585568,764710,876001,646810,351082,295728,83598,3454,1254,78159,87445,5076
Tripura,West Tripura,23.780166241299334,91.41310788863107,1532982,1725739,1361354,722998,638356,182610,11356,9977,231324,228799,15422
Uttar Pradesh,Agra,26.995129749103928,78.05278291517321,3621702,4418797,2680510,1614594,1065916,444212,44989,47935,433913,520896,26713
Uttar Pradesh,Aligarh,27.937485768500927,78.00146831119557,2992286,3673889,2092567,1283380,809187,364661,21667,23011,262098,445913,14169
Uttar Pradesh,Allahabad,25.392038662316445,82.05172446982063,4937266,5954391,3665727,2199340,1466387,701941,41965,37832,355913,616743,25302
Uttar Pradesh,Ambedkar Nagar,26.39119025974028,82.68282142857147,2026876,2397888,1486939,846676,640263,311614,9813,3412,61470,255512,5974
Uttar Pradesh,Auraiya,26.668923940149607,79.42637057356606,1179993,1379545,930836,546198,384638,179939,5088,3317,60174,152099,4232
Uttar Pradesh,Azamgarh,26.00829095477384,83.01220251256285,3939916,4613913,2771917,1559414,1212503,521004,20757,7888,159910,500400,12525
Uttar Pradesh,Baghpat,29.04579349999999,77.30266300000002,1163991,1303048,797970,489858,308112,114603,13301,6646,111663,155781,5073
Uttar Pradesh,Bahraich,27.69177630057803,81.46779783237004,2701478,3487731,1398368,878285,520083,397685,13451,3444,71676,270422,7146
Uttar Pradesh,Ballia,25.86075638297873,84.03651978723408,2760667,3239774,1963590,1160960,802630,324245,10846,5459,115533,342823,9000
Uttar Pradesh,Balrampur,27.449076537911324,82.47158326180256,1682350,2148665,868357,544943,323414,232350,6167,1616,34497,194750,4159
Uttar Pradesh,Banda,25.351885902503284,80.52487391304344,1501602,1799410,1002937,630626,372311,183817,5202,2416,52233,174698,3984
Uttar Pradesh,Bara Banki,26.922777025232424,81.35762350597606,2673581,3260699,1692458,1010518,681940,446335,11935,4799,116157,306578,7882
Uttar Pradesh,Bareilly,28.51101940789474,79.43187072368416,3618589,4448359,2191759,1342697,849062,456654,24436,23779,300504,481724,16535
Uttar Pradesh,Basti,26.83388045454545,82.69790590909092,2084814,2464464,1393783,819719,574064,309655,11477,4819,76856,278758,6268
Uttar Pradesh,Bijnor,29.313974259681096,78.45098815489754,3131619,3682713,2135393,1241471,893922,378636,17143,11084,260312,445114,12524
Uttar Pradesh,Bulandshahr,28.34875862068968,78.01082758620684,3009860,3499171,2031656,1253314,778342,321044,20979,13231,254050,410624,12104
Uttar Pradesh,Chandauli,25.1180859611231,83.25307062634984,1643251,1952756,1174606,699454,475152,220298,7313,4504,109887,190317,5441
Uttar Pradesh,Chitrakoot,25.159924623803,81.07666087551297,801957,991730,531072,330339,200733,105264,2805,1169,27006,84775,2101
Uttar Pradesh,Deoria,26.42218856548857,83.82440706860709,2714179,3100946,1875239,1079288,795951,353180,13388,6290,122308,379700,7260
Uttar Pradesh,Etah,27.591155309734443,78.70021858407083,1531645,1774480,1055202,647042,408160,189111,6644,3977,79090,200961,4968
Uttar Pradesh,Etawah,26.78817670157068,79.07621806282728,1338871,1581810,1062003,623583,438420,194564,7736,4343,84543,177997,5639
Uttar Pradesh,Faizabad,26.60589185185181,82.00783530864202,2088928,2470996,1450901,838339,612562,346448,15426,7250,99531,276720,8853
Uttar Pradesh,Farrukhabad,27.45063297872342,79.44062845744679,1570408,1885204,1092677,654827,437850,204261,6765,3701,87314,198066,5971
Uttar Pradesh,Fatehpur,25.8374362030905,80.8541620309051,2308384,2632733,1512166,911003,601163,331499,16758,4981,97968,271445,7211
Uttar Pradesh,Firozabad,27.20963993055552,78.42660624999998,2081752,2498156,1521806,912314,609492,278168,10940,8367,169583,283190,6591
Uttar Pradesh,Gautam Buddha Nagar,28.393311038961038,77.52462467532466,1105292,1648115,1122947,666065,456882,128362,78631,66759,232925,278982,34293
Uttar Pradesh,Ghaziabad,28.74997308584685,77.67441879350343,3314070,4681645,3123264,1811397,1311867,409265,119441,117483,592753,700485,60494
Uttar Pradesh,Ghazipur,25.624724775583488,83.5360854578097,3037582,3620268,2197549,1293553,903996,383511,21169,8142,139187,375976,10778
Uttar Pradesh,Gonda,27.157215552099505,82.0226888024882,2765586,3433919,1679994,1034181,645813,417980,13053,4944,78099,346478,9762
Uttar Pradesh,Gorakhpur,26.63315886792452,83.35495603773579,3769456,4440895,2700328,1593890,1106438,531565,30258,23177,255280,544038,17372
Uttar Pradesh,Hamirpur,25.73815838150289,79.82619479768789,993792,1104285,358091,180555,177536,7094,6665,3438,86324,90286,19528
Uttar Pradesh,Hamirpur,25.73815838150289,79.82619479768789,993792,1104285,653299,408125,245174,99240,3791,1757,48564,137792,2839
Uttar Pradesh,Hardoi,27.337409090909137,80.26411767676768,3398306,4092845,2221601,1374587,847014,494925,12396,4764,132969,387803,10212
Uttar Pradesh,Jalaun,26.06795458715599,79.36686911314993,1454452,1689974,1075196,653430,421766,162840,7009,3599,90428,199931,6634
Uttar Pradesh,Jaunpur,25.70141280913127,82.54315351934063,3911679,4494204,2731677,1565394,1166283,534790,22876,9848,211780,515736,16965
Uttar Pradesh,Jhansi,25.45581535234902,78.89954580536917,1744931,1998603,1304513,783705,520808,194290,18860,15986,163900,270128,11278
Uttar Pradesh,Kannauj,26.993988617886185,79.64437940379408,1388923,1656616,1017087,603596,413491,178143,6011,2647,64187,174734,5981
Uttar Pradesh,Kanpur Dehat,26.43047641196011,79.98710083056478,1563336,1796184,1170243,692964,477279,220794,12752,3594,65556,184973,3816
Uttar Pradesh,Kaushambi,25.53587532051282,81.41811282051287,1291993,1599596,813424,507279,306145,210669,4403,1530,52946,154650,3275
Uttar Pradesh,Kushinagar,26.892530675909864,83.92261542461006,2891667,3564544,1954820,1183722,771098,432174,12849,3858,103014,404094,7032
Uttar Pradesh,Lalitpur,24.58877161016945,78.60082330508473,977734,1221592,641191,397586,243605,118185,5511,2163,53524,126482,3469
Uttar Pradesh,Lucknow,26.838233589251463,80.89706026871404,3647834,4589838,3127260,1742440,1384820,539667,90205,111961,506413,607420,57277
Uttar Pradesh,Mahoba,25.34529670138888,79.67863003472216,758379,875958,488106,302283,185823,85723,5755,1820,35422,113025,2331
Uttar Pradesh,Mainpuri,27.17386862302482,79.03501851015807,1596718,1868529,1203885,712110,491775,216358,7361,4061,76780,209597,4478
Uttar Pradesh,Mathura,27.59390432801821,77.62153416856502,2074516,2547184,1507746,943346,564400,212964,16580,16520,221574,318989,14830
Uttar Pradesh,Mau,26.01082203791469,83.50582654028433,1854950,2205968,1363044,773082,589962,228921,7411,3652,82073,232564,6358
Uttar Pradesh,Meerut,29.029576256983237,77.80611005586594,2973877,3443689,2141488,1254520,886968,331961,42392,41567,354359,440962,30303
Uttar Pradesh,Mirzapur,25.10207959183675,82.60126628571429,2074709,2496970,1428683,865837,562846,309079,10205,5703,136132,237437,7631
Uttar Pradesh,Moradabad,28.851770406189537,78.73580193423598,3810983,4772006,2263848,1357435,906413,399563,19316,18797,283005,504670,15527
Uttar Pradesh,Muzaffarnagar,29.470507977736567,77.64017847866424,3543362,4143512,2417339,1448528,968811,377807,32866,19878,331760,512592,17771
Uttar Pradesh,Pilibhit,28.52024175035868,79.90103974175037,1728108,2031007,1061095,654290,406805,242225,7560,3823,106945,205860,5136
Uttar Pradesh,Pratapgarh,25.86484273170732,81.93530048780492,2731174,3209141,401515,250122,151393,62048,2803,1433,37216,78345,4004
Uttar Pradesh,Pratapgarh,25.86484273170732,81.93530048780492,2731174,3209141,1931559,1121381,810178,447696,15781,6063,135185,397265,10950
Uttar Pradesh,Rae Bareli,26.25390284005979,81.22260463378181,2872335,3405559,1965843,1165965,799878,509053,13483,7023,130197,363829,11007
Uttar Pradesh,Rampur,28.83244727272725,79.10977333333338,1923739,2335819,1043666,630408,413258,247366,14386,6956,134249,253787,6043
Uttar Pradesh,Saharanpur,30.03381165217392,77.59905147826096,2896863,3466382,2077108,1220114,856994,365960,21310,17404,294410,419470,15910
Uttar Pradesh,Sant Kabir Nagar,26.791596516393447,83.0387764344262,1420226,1715183,954949,567098,387851,201340,6778,2386,49191,195440,3780
Uttar Pradesh,Shahjahanpur,27.991389350649328,79.8302275324675,2464930,3006538,1490930,915142,575788,333199,9927,5667,135885,288372,7979
Uttar Pradesh,Sitapur,27.50199596309111,80.85288881199547,3619661,4483992,2283733,1397702,886031,575384,11679,4775,123246,369436,8537
Uttar Pradesh,Sonbhadra,24.46693268858798,83.06816324951639,1504852,1862559,985708,601988,383720,203774,10279,8208,80712,165535,7734
Uttar Pradesh,Sultanpur,26.284638641975302,82.05710456790123,3214832,3797117,2239902,1300248,939654,526011,18382,8061,135697,440274,14299
Uttar Pradesh,Unnao,26.63163990895297,80.636773292868,2700324,3108367,1773584,1053063,720521,417537,10191,5016,134235,306178,8742
Uttar Pradesh,Varanasi,25.360570888888887,82.82529666666672,3138671,3676841,2403903,1389116,1014787,412569,24216,29831,309911,398076,19388
West Bengal,Bankura,23.081280892857155,87.12640053571438,3192695,3596674,2232992,1299337,933655,546543,7898,6298,177819,297338,20907
West Bengal,Birbhum,24.06389342723,87.65153089201887,3015422,3502404,2158447,1201481,956966,451618,7305,6622,191514,272320,21042
West Bengal,Dakshin Dinajpur,25.342094363021435,88.69821679819614,1503178,1676276,1083685,596474,487211,225689,6211,3105,103980,154925,8866
West Bengal,Jalpaiguri,26.62642031250004,89.04154375000005,3401173,3872846,2498780,1396622,1102158,502539,16431,12288,268908,332800,26651
West Bengal,Kolkata,22.550581481481487,88.35276481481479,4572876,4496694,3588137,1926915,1661222,252887,85605,96030,816141,857883,168382
West Bengal,Maldah,25.080268025751053,88.17191684549357,3290468,3988845,2086432,1152019,934413,401774,9639,6001,142659,295922,14202
West Bengal,Murshidabad,24.25950655391121,88.1681686046512,5866569,7103807,4055834,2177187,1878647,840951,14050,9190,296566,530442,24651
West Bengal,Nadia,23.56410971055088,88.58293034547151,4604827,5167600,3480555,1878866,1601689,796698,18658,11880,384314,544290,30270
West Bengal,Uttar Dinajpur,26.044619165196977,88.23595232216337,2441794,3007134,1489667,853495,636172,362567,8150,3450,105431,198832,7563
